{"model_version": "v1.2.0", "feature_cols": ["V1", "V2", "V3", "V4", "V5", "V6", "V7", "V8", "V9", "V10", "V11", "V12", "V13", "V14", "V15", "V16", "V17", "V18", "V19", "V20", "V21", "V22", "V23", "V24", "V25", "V26", "V27", "V28", "Time", "Amount", "hour_of_day", "log_amount", "amount_band"], "raw_inputs": ["V1", "V2", "V3", "V4", "V5", "V6", "V7", "V8", "V9", "V10", "V11", "V12", "V13", "V14", "V15", "V16", "V17", "V18", "V19", "V20", "V21", "V22", "V23", "V24", "V25", "V26", "V27", "V28", "Time", "Amount"], "weight_xgb": 0.55, "iso_xgb": {"x": [3.315669516723574e-08, 3.033514303751872e-06, 4.033528057334479e-06, 1.1042998266930226e-05, 1.2046124538755976e-05, 0.00029696786077693105, 0.00029800646007061005, 0.0027805601712316275, 0.002781899645924568, 0.009617879055440426, 0.009642628021538258, 0.022565830498933792, 0.02267969213426113, 0.044411201030015945, 0.044447410851716995, 0.10954892635345459, 0.11392120271921158, 0.7283603549003601, 0.7412356734275818, 0.9261219501495361, 0.960929274559021, 0.9993734955787659, 0.999583899974823, 0.9999338388442993, 0.9999552965164185, 0.9999957084655762, 0.9999967813491821, 0.9999991655349731], "y": [0.0, 0.0, 0.0001299545110668987, 0.0001299545110668987, 0.00018127982912119478, 0.00018127982912119478, 0.0008787346305325627, 0.0008787346305325627, 0.0024509804788976908, 0.0024509804788976908, 0.009009009227156639, 0.009009009227156639, 0.01515151560306549, 0.01515151560306549, 0.022727273404598236, 0.022727273404598236, 0.023255813866853714, 0.023255813866853714, 0.20000000298023224, 0.20000000298023224, 0.6666666865348816, 0.6666666865348816, 0.8333333134651184, 0.8333333134651184, 0.949999988079071, 0.949999988079071, 1.0, 1.0]}, "iso_lgb": {"x": [8.008711835953319e-10, 1.006166420023622e-08, 1.0062106923795927e-08, 4.300012445736301e-08, 4.302554599048636e-08, 9.932339763168449e-08, 9.935698647895857e-08, 8.571296747009193e-06, 8.600001182596182e-06, 2.8434607167907378e-05, 2.862791501820879e-05, 0.0002671958303861292, 0.00026805205672287175, 0.006260779116976678, 0.006371673070259509, 0.4064085933147192, 0.6216502410362578, 0.8482159099195076, 0.9133121727573663, 0.9810081395458029, 0.9961881739846113, 0.9999922265938668, 0.9999950967129019, 0.999999314990207, 0.999999451114753, 0.9999999920133321], "y": [0.0, 0.0, 0.00016557662058117395, 0.00016557662058117395, 0.00028935185185185184, 0.00028935185185185184, 0.0006626905235255136, 0.0006626905235255136, 0.00684931506849315, 0.00684931506849315, 0.018867924528301886, 0.018867924528301886, 0.030303030303030304, 0.030303030303030304, 0.2, 0.2, 0.3333333333333333, 0.3333333333333333, 0.5, 0.5, 0.625, 0.625, 0.8333333333333334, 0.8333333333333334, 1.0, 1.0]}, "medians": {"V1": 0.0181087991615309, "V2": 0.0654855563960555, "V3": 0.179846343563544, "V4": -0.0198465294811989, "V5": -0.0543358267364858, "V6": -0.274187076506651, "V7": 0.0401030827945351, "V8": 0.0223580364366631, "V9": -0.051428731550349, "V10": -0.0929173835961975, "V11": -0.032757354499007, "V12": 0.140032588291332, "V13": -0.0135680567852071, "V14": 0.0506013193100486, "V15": 0.0480715497626106, "V16": 0.0664133205843014, "V17": -0.0656757538072252, "V18": -0.0036363123546992, "V19": 0.0037348229952574, "V20": -0.0624810924603664, "V21": -0.0294501676953819, "V22": 0.0067819425282695, "V23": -0.0111929302967212, "V24": 0.0409760560572798, "V25": 0.0165935016367397, "V26": -0.0521391080182019, "V27": 0.0013421459786502, "V28": 0.011243831564982, "Time": 84692.0, "Amount": 22.0}, "amount_bins": [-0.01, 1, 10, 50, 200, 1000, 5000, 1000000000000.0], "thresholds": {"review": 0.43, "block": 0.95}}